First Name,Last Name
Liam,Bennett
Sophia,Morales
Jackson,Reed
Olivia,Hayes
Lucas,Alvarez
Emma,Watson
Ethan,Brooks
Ava,Patel
Noah,Sullivan
Isabella,Gomez
Aiden,Parker
Mia,Russell
Caden,Ramirez
Harper,Jenkins
Mason,Flores
Evelyn,Howard
Logan,Gray
Abigail,Ward
Elijah,Cox
Emily,Torres
Benjamin,Peterson
Elizabeth,Gray
James,Sanders
Sofia,Price
Alexander,Bennett
Victoria,Wood
Henry,Barnes
Grace,Ross
Sebastian,Henderson
Chloe,Coleman
Jack,Jenkins
Camila,Perry
Owen,Powell
Penelope,Long
Gabriel,Patterson
Riley,Hughes
Carter,Flores
Zoey,Washington
Julian,Butler
Lily,Simmons